Row Number,Linear Prediction,Polynomial Prediction
101,3142.130650966021,1838.6521096953456
102,3029.3569969472087,1745.587995580328
103,2916.5833429283944,1654.7740275445058
104,2803.809688909582,1566.2102055878786
105,2691.0360348907675,1479.8965297104464
106,2578.2623808719545,1395.8329999122097
107,2465.488726853142,1314.019616193168
108,2352.7150728343277,1234.4563785533142
109,2239.941418815515,1157.1432869926698
110,2127.1677647967026,1082.0803415112064
