Row Number,Predicted Value
101,3142.130650966021
102,3029.3569969472087
103,2916.5833429283944
104,2803.809688909582
105,2691.0360348907675
106,2578.2623808719545
107,2465.488726853142
108,2352.7150728343277
109,2239.941418815515
110,2127.1677647967026
